{
  "max_len": 512,
  "batch_size": 16,
  "epochs": 10,
  "learning_rate": 2e-05,
  "final_test_accuracy": 0.5886740331491713,
  "final_test_loss": 0.0650142935075949,
  "random_seed": 42,
  "training_history": {
    "train_acc": [
      0.5500029605068387,
      0.5703712475575818,
      0.5828645864171946,
      0.597015809106519,
      0.6324826810349932,
      0.6713837408964415,
      0.7182189590857955,
      0.7697909882171827,
      0.815382793534253,
      0.8468825862987743
    ],
    "train_loss": [
      0.05332288714690191,
      0.049248507773771766,
      0.04681281651066842,
      0.04512902858638854,
      0.04257750537451074,
      0.039424132608639244,
      0.03578342304822537,
      0.030881474700325987,
      0.026293523715470325,
      0.022548133160770787
    ],
    "val_acc": [
      0.5661785023487151,
      0.5902182923459519,
      0.6029289859077093,
      0.6128764852169107,
      0.6308372478585245,
      0.6302846090080132,
      0.6327714838353136,
      0.6170212765957447,
      0.6186791931472783,
      0.60790273556231
    ],
    "val_loss": [
      0.04382658943468253,
      0.04349747885199108,
      0.04246112509807039,
      0.04278424801510074,
      0.04351616210185221,
      0.04481789968612435,
      0.048947758800329616,
      0.05367627995096902,
      0.05955628817695878,
      0.06546503564933652
    ]
  }
}